step,timestamp,AAPL,MSFT,NVDA,JPM,HDFCBANK,XOM,RELIANCE,BA,TATAMOTORS,PFE,WMT,TCS,GOOGL,AMZN,TSLA
1,2026-09-28 03:32:00+00:00,0.06986,0.06986,0.06986,0.06986,0.06986,0.06986,0.06986,0.06986,0.06986,0.021956,0.06986,0.06986,0.06986,0.06986,0.06986
2,2026-09-28 03:34:00+00:00,0.066051,0.066051,0.066051,0.066051,0.066051,0.066051,0.066051,0.066051,0.066051,0.029992,0.111344,0.066051,0.066051,0.066051,0.066051
3,2026-09-28 04:07:00+00:00,0.069281,0.069281,0.069281,0.069281,0.069281,0.069281,0.069281,0.019638,0.069281,0.04188,0.107105,0.069281,0.069281,0.069281,0.069281
4,2026-09-28 04:12:00+00:00,0.065532,0.065532,0.065532,0.065532,0.112973,0.065532,0.065532,0.026928,0.065532,0.047795,0.091451,0.065532,0.065532,0.065532,0.065532
5,2026-09-28 04:35:00+00:00,0.065555,0.065555,0.065555,0.065555,0.104916,0.065555,0.065555,0.036923,0.065555,0.053754,0.083299,0.065555,0.065555,0.065555,0.065555
6,2026-09-28 04:52:00+00:00,0.063378,0.063378,0.063378,0.063378,0.091784,0.063378,0.063378,0.044192,0.063378,0.055888,0.110976,0.063378,0.063378,0.063378,0.063378
7,2026-09-28 05:09:00+00:00,0.066834,0.066834,0.066834,0.066834,0.087676,0.066834,0.066834,0.053296,0.066834,0.061678,0.110067,0.018944,0.066834,0.066834,0.066834
8,2026-09-28 05:33:00+00:00,0.07018,0.07018,0.07018,0.07018,0.084852,0.07018,0.07018,0.060822,0.022056,0.066655,0.105159,0.028838,0.07018,0.07018,0.07018
9,2026-09-28 05:39:00+00:00,0.066513,0.066513,0.066513,0.066513,0.075674,0.109484,0.066513,0.060717,0.030201,0.064339,0.090021,0.037462,0.066513,0.066513,0.066513
10,2026-09-28 06:10:00+00:00,0.069539,0.069539,0.069539,0.069539,0.0758,0.104133,0.069539,0.065591,0.042035,0.021471,0.086171,0.048488,0.069539,0.069539,0.069539
11,2026-09-28 06:14:00+00:00,0.07002,0.07002,0.07002,0.07002,0.074129,0.094712,0.07002,0.067434,0.051068,0.015554,0.081101,0.055837,0.07002,0.07002,0.07002
12,2026-09-28 06:47:00+00:00,0.066855,0.066855,0.066855,0.066855,0.110902,0.082806,0.066855,0.065249,0.05482,0.019658,0.073785,0.057941,0.066855,0.066855,0.066855
13,2026-09-28 07:18:00+00:00,0.105589,0.064146,0.064146,0.064146,0.097016,0.074271,0.064146,0.063144,0.056566,0.027354,0.068482,0.058557,0.064146,0.064146,0.064146
14,2026-09-28 07:30:00+00:00,0.101288,0.067639,0.067639,0.067639,0.092362,0.074631,0.067639,0.066952,0.062421,0.039126,0.070614,0.019135,0.067639,0.067639,0.067639
15,2026-09-28 07:51:00+00:00,0.091646,0.067754,0.067754,0.067754,0.084565,0.072322,0.067754,0.067307,0.064351,0.048055,0.069693,0.027784,0.067754,0.067754,0.067754
16,2026-09-28 08:11:00+00:00,0.114536,0.065308,0.065308,0.065308,0.076044,0.068174,0.065308,0.065028,0.063174,0.052633,0.066523,0.036729,0.065308,0.065308,0.065308
17,2026-09-28 08:23:00+00:00,0.115597,0.064586,0.064586,0.064586,0.071545,0.06643,0.064586,0.064406,0.063214,0.056344,0.065367,0.044992,0.064586,0.064586,0.064586
18,2026-09-28 08:53:00+00:00,0.11521,0.06414,0.06414,0.06414,0.068648,0.06533,0.06414,0.064024,0.063254,0.058793,0.064644,0.051118,0.06414,0.06414,0.06414
19,2026-09-28 08:54:00+00:00,0.118509,0.066985,0.066985,0.066985,0.070049,0.067793,0.019748,0.066906,0.066383,0.063347,0.067327,0.058032,0.066985,0.066985,0.066985
20,2026-09-28 09:25:00+00:00,0.117541,0.069772,0.069772,0.069772,0.071848,0.022074,0.029829,0.069719,0.069365,0.067307,0.070004,0.063678,0.069772,0.069772,0.069772
21,2026-09-28 09:35:00+00:00,0.108953,0.070542,0.070542,0.070542,0.071906,0.032223,0.016745,0.070506,0.070274,0.068921,0.070694,0.066527,0.070542,0.070542,0.070542
22,2026-09-28 09:58:00+00:00,0.092964,0.066678,0.066678,0.066678,0.067517,0.040473,0.021995,0.066657,0.113662,0.065682,0.066772,0.064209,0.066678,0.066678,0.066678
23,2026-09-28 10:11:00+00:00,0.080635,0.063509,0.063509,0.063509,0.064028,0.04644,0.030097,0.063495,0.099816,0.108892,0.063566,0.061979,0.063509,0.063509,0.063509
24,2026-09-28 10:31:00+00:00,0.075505,0.064024,0.064024,0.064024,0.064364,0.052584,0.03985,0.064015,0.090897,0.101554,0.064062,0.063022,0.064024,0.064024,0.064024
25,2026-09-28 10:50:00+00:00,0.075614,0.06765,0.06765,0.06765,0.067884,0.059716,0.050257,0.067644,0.087224,0.097003,0.067676,0.021081,0.06765,0.06765,0.06765
26,2026-09-28 10:58:00+00:00,0.069824,0.064841,0.064841,0.106733,0.064987,0.059878,0.053779,0.064838,0.077361,0.084322,0.064858,0.029214,0.064841,0.064841,0.064841
27,2026-09-28 11:31:00+00:00,0.068556,0.065289,0.065289,0.097769,0.065384,0.062035,0.057984,0.065287,0.073578,0.078408,0.0653,0.039255,0.065289,0.065289,0.065289
28,2026-09-28 11:34:00+00:00,0.069975,0.067769,0.067769,0.091667,0.067834,0.033931,0.062822,0.067768,0.073389,0.076731,0.067777,0.049259,0.067769,0.067769,0.067769
29,2026-09-28 12:05:00+00:00,0.072169,0.070673,0.070673,0.087535,0.070717,0.045641,0.020123,0.070672,0.07449,0.07678,0.070678,0.057829,0.070673,0.070673,0.070673
30,2026-09-28 12:12:00+00:00,0.067021,0.066112,0.066112,0.076548,0.066138,0.050262,0.027294,0.066111,0.068435,0.069834,0.066115,0.111683,0.066112,0.066112,0.066112
31,2026-09-28 12:38:00+00:00,0.063256,0.062695,0.062695,0.069177,0.062711,0.104219,0.035432,0.062695,0.064127,0.064991,0.062697,0.097219,0.062695,0.062695,0.062695
32,2026-09-28 12:52:00+00:00,0.067037,0.06665,0.06665,0.071143,0.066661,0.10108,0.046575,0.066649,0.06764,0.020013,0.066651,0.093302,0.06665,0.06665,0.06665
33,2026-09-28 13:10:00+00:00,0.065586,0.065339,0.065339,0.068206,0.065346,0.113664,0.052175,0.065339,0.06597,0.028435,0.06534,0.083242,0.065339,0.065339,0.065339
34,2026-09-28 13:34:00+00:00,0.065519,0.065359,0.065359,0.067224,0.065364,0.106288,0.056692,0.065359,0.065769,0.038355,0.065359,0.077276,0.065359,0.065359,0.065359
35,2026-09-28 13:40:00+00:00,0.062443,0.062344,0.062344,0.0635,0.062346,0.091978,0.056941,0.062343,0.062598,0.093979,0.062344,0.069808,0.062344,0.062344,0.062344
36,2026-09-28 14:15:00+00:00,0.019634,0.066548,0.066548,0.067351,0.06655,0.088776,0.062791,0.066548,0.066725,0.090585,0.066548,0.07175,0.066548,0.066548,0.066548
37,2026-09-28 14:46:00+00:00,0.030132,0.070427,0.070427,0.070979,0.070428,0.086273,0.06784,0.070427,0.070548,0.087675,0.070427,0.02314,0.070427,0.070427,0.070427
38,2026-09-28 14:51:00+00:00,0.042605,0.073479,0.073479,0.073853,0.019411,0.084395,0.071724,0.073479,0.073561,0.085396,0.073479,0.034702,0.073479,0.073479,0.073479
39,2026-09-28 15:19:00+00:00,0.052565,0.074001,0.074001,0.074246,0.028139,0.081194,0.072852,0.074001,0.074054,0.081865,0.074001,0.017082,0.074001,0.074001,0.074001
40,2026-09-28 15:34:00+00:00,0.055622,0.068952,0.068952,0.0691,0.036656,0.073321,0.068256,0.118869,0.068985,0.073731,0.068952,0.021748,0.068952,0.068952,0.068952
41,2026-09-28 15:47:00+00:00,0.059452,0.06811,0.06811,0.068205,0.045753,0.070919,0.067663,0.109005,0.068131,0.071183,0.06811,0.031027,0.06811,0.06811,0.06811
42,2026-09-28 16:13:00+00:00,0.020737,0.07052,0.07052,0.070585,0.054947,0.072412,0.07022,0.102128,0.070535,0.07259,0.07052,0.042725,0.07052,0.07052,0.07052
43,2026-09-28 16:22:00+00:00,0.030969,0.072622,0.072622,0.072665,0.019376,0.073888,0.072421,0.095269,0.072631,0.074007,0.072622,0.053041,0.072622,0.072622,0.072622
44,2026-09-28 16:54:00+00:00,0.039243,0.067839,0.067839,0.067865,0.026095,0.068608,0.116928,0.082022,0.067845,0.068681,0.067839,0.055676,0.067839,0.067839,0.067839
45,2026-09-28 16:54:00+00:00,0.017042,0.069359,0.069359,0.069377,0.037198,0.06987,0.110969,0.078912,0.069363,0.069918,0.069359,0.061196,0.069359,0.069359,0.069359
46,2026-09-28 17:26:00+00:00,0.025182,0.072605,0.072605,0.072617,0.049051,0.020649,0.105109,0.079142,0.072608,0.072985,0.072605,0.067027,0.072605,0.072605,0.072605
47,2026-09-28 17:31:00+00:00,0.037907,0.076689,0.076689,0.076697,0.059966,0.031622,0.025989,0.081189,0.076691,0.07695,0.076689,0.072853,0.076689,0.076689,0.076689
48,2026-09-28 17:56:00+00:00,0.045026,0.070319,0.070319,0.070324,0.060205,0.039706,0.034096,0.073004,0.07032,0.070475,0.070319,0.114927,0.070319,0.070319,0.070319
49,2026-09-28 18:13:00+00:00,0.054728,0.072372,0.072372,0.072375,0.065563,0.050545,0.045747,0.074168,0.072373,0.072476,0.022745,0.107421,0.072372,0.072372,0.072372
50,2026-09-28 18:28:00+00:00,0.061614,0.073474,0.073474,0.073476,0.068968,0.019858,0.055115,0.07466,0.073474,0.073542,0.033362,0.098563,0.073474,0.073474,0.073474
51,2026-09-28 18:51:00+00:00,0.064218,0.071813,0.071813,0.071814,0.068947,0.028031,0.059921,0.072566,0.071813,0.071856,0.04341,0.08836,0.071813,0.071813,0.071813
52,2026-09-28 19:03:00+00:00,0.065438,0.070286,0.070286,0.070287,0.068462,0.038113,0.062657,0.070765,0.070286,0.070314,0.051262,0.080987,0.070286,0.070286,0.070286
53,2026-09-28 19:33:00+00:00,0.069215,0.072469,0.072469,0.07247,0.022457,0.049311,0.067338,0.07279,0.072469,0.072488,0.059424,0.079692,0.072469,0.072469,0.072469
54,2026-09-28 19:35:00+00:00,0.065452,0.067421,0.067421,0.067421,0.030222,0.052954,0.064313,0.067615,0.116229,0.067432,0.059454,0.071802,0.067421,0.067421,0.067421
55,2026-09-28 20:06:00+00:00,0.065505,0.066772,0.066772,0.066773,0.040005,0.057326,0.064771,0.066897,0.106864,0.06678,0.061622,0.069596,0.066772,0.066772,0.066772
56,2026-09-28 20:11:00+00:00,0.062702,0.063486,0.063486,0.063486,0.046043,0.057612,0.062248,0.063563,0.091941,0.109446,0.060297,0.065232,0.063486,0.063486,0.063486
57,2026-09-28 20:35:00+00:00,0.06093,0.061423,0.061423,0.101107,0.050191,0.05772,0.060645,0.061472,0.080578,0.098304,0.059416,0.062521,0.061423,0.061423,0.061423
58,2026-09-28 20:52:00+00:00,0.066403,0.066752,0.066752,0.033744,0.058735,0.064133,0.066202,0.066786,0.080707,0.096671,0.065333,0.067527,0.066752,0.066752,0.066752
59,2026-09-28 21:08:00+00:00,0.063558,0.063774,0.063774,0.041448,0.058775,0.062147,0.063433,0.063796,0.072558,0.083664,0.062894,0.108854,0.063774,0.063774,0.063774
60,2026-09-28 21:31:00+00:00,0.067563,0.067712,0.067712,0.051684,0.064255,0.066589,0.067477,0.067727,0.020534,0.081869,0.067104,0.106637,0.067712,0.067712,0.067712
61,2026-09-28 21:39:00+00:00,0.067517,0.067614,0.067614,0.057028,0.065368,0.066885,0.067461,0.067623,0.029703,0.076927,0.067219,0.096201,0.067614,0.067614,0.067614
62,2026-09-28 22:14:00+00:00,0.065435,0.065496,0.065496,0.058781,0.064082,0.065037,0.0654,0.065502,0.038692,0.071394,0.065248,0.112945,0.065496,0.065496,0.065496
63,2026-09-28 22:46:00+00:00,0.062441,0.062479,0.062479,0.058302,0.10634,0.062195,0.062419,0.062483,0.04491,0.066145,0.062325,0.100044,0.062479,0.062479,0.062479
64,2026-09-28 22:51:00+00:00,0.066187,0.066213,0.066213,0.063332,0.103822,0.066017,0.01876,0.066216,0.053806,0.068741,0.066107,0.095945,0.066213,0.066213,0.066213
65,2026-09-28 23:16:00+00:00,0.067486,0.067503,0.067503,0.065593,0.095597,0.067374,0.014523,0.067505,0.059193,0.069179,0.067433,0.088599,0.067503,0.067503,0.067503
66,2026-09-28 23:35:00+00:00,0.065959,0.06597,0.06597,0.064756,0.11607,0.065887,0.018091,0.065971,0.060666,0.067034,0.065925,0.079792,0.06597,0.06597,0.06597
67,2026-09-28 23:50:00+00:00,0.069263,0.069271,0.069271,0.019473,0.115231,0.069214,0.027479,0.069271,0.065644,0.069997,0.06924,0.078833,0.069271,0.069271,0.069271
68,2026-09-29 00:21:00+00:00,0.065605,0.065609,0.065609,0.026728,0.099594,0.065575,0.036009,0.06561,0.063375,0.066057,0.111872,0.071531,0.065609,0.065609,0.065609
69,2026-09-29 00:51:00+00:00,0.068756,0.068759,0.068759,0.038484,0.094228,0.021603,0.047153,0.06876,0.067236,0.069064,0.108116,0.072803,0.068759,0.068759,0.068759
70,2026-09-29 00:51:00+00:00,0.071689,0.071691,0.071691,0.049787,0.089739,0.032544,0.056582,0.071692,0.070659,0.022586,0.101831,0.074435,0.071691,0.071691,0.071691
71,2026-09-29 01:25:00+00:00,0.067142,0.067144,0.067144,0.053409,0.07835,0.04058,0.057819,0.114493,0.066515,0.030555,0.086605,0.068814,0.067144,0.067144,0.067144
72,2026-09-29 01:35:00+00:00,0.069628,0.069629,0.069629,0.060251,0.077247,0.050777,0.019246,0.10949,0.069206,0.042154,0.083099,0.070756,0.069629,0.069629,0.069629
73,2026-09-29 01:58:00+00:00,0.072912,0.072912,0.072912,0.066494,0.021786,0.059783,0.029173,0.103572,0.072624,0.053229,0.082187,0.073679,0.072912,0.072912,0.072912
74,2026-09-29 02:15:00+00:00,0.067669,0.067669,0.067669,0.115905,0.02931,0.05967,0.037376,0.087287,0.067495,0.055521,0.073291,0.068132,0.067669,0.067669,0.067669
75,2026-09-29 02:26:00+00:00,0.071168,0.071168,0.071168,0.112698,0.041626,0.065677,0.049005,0.023649,0.07105,0.062781,0.07502,0.071485,0.071168,0.071168,0.071168
76,2026-09-29 02:54:00+00:00,0.066585,0.066585,0.066585,0.095301,0.04756,0.063239,0.052685,0.031753,0.066513,0.061463,0.115197,0.066777,0.066585,0.066585,0.066585
77,2026-09-29 03:02:00+00:00,0.062754,0.062754,0.062754,0.081479,0.050796,0.060703,0.054124,0.090131,0.06271,0.059611,0.101048,0.062872,0.062754,0.062754,0.062754
78,2026-09-29 03:30:00+00:00,0.066965,0.066965,0.066965,0.029518,0.058578,0.065542,0.060944,0.087209,0.066934,0.064783,0.097656,0.067047,0.066965,0.066965,0.066965
79,2026-09-29 04:06:00+00:00,0.066936,0.066936,0.066936,0.039637,0.061461,0.066012,0.063015,0.080475,0.066916,0.065518,0.088357,0.066989,0.066936,0.066936,0.066936
80,2026-09-29 04:15:00+00:00,0.070183,0.070183,0.070183,0.050524,0.066444,0.069552,0.067508,0.079527,0.070169,0.069216,0.085266,0.020699,0.070183,0.070183,0.070183
81,2026-09-29 04:37:00+00:00,0.066385,0.066385,0.066385,0.053997,0.108445,0.065997,0.06474,0.072161,0.066377,0.065791,0.075791,0.028392,0.066385,0.066385,0.066385
82,2026-09-29 04:53:00+00:00,0.021858,0.069549,0.069549,0.061023,0.10317,0.069285,0.068429,0.073492,0.069544,0.069145,0.075994,0.040315,0.069549,0.069549,0.069549
83,2026-09-29 05:06:00+00:00,0.032316,0.07117,0.07117,0.065473,0.09542,0.070995,0.070425,0.073795,0.071166,0.070901,0.075468,0.018192,0.07117,0.07117,0.07117
84,2026-09-29 05:33:00+00:00,0.040505,0.067006,0.067006,0.063513,0.08241,0.066899,0.06655,0.068613,0.115514,0.066842,0.06964,0.024481,0.067006,0.067006,0.067006
85,2026-09-29 05:42:00+00:00,0.048631,0.066679,0.066679,0.064418,0.076807,0.06661,0.066384,0.067719,0.106714,0.066573,0.068383,0.034366,0.066679,0.066679,0.066679
86,2026-09-29 06:10:00+00:00,0.057178,0.06973,0.06973,0.068192,0.076663,0.069683,0.069529,0.070437,0.100983,0.021896,0.070888,0.045901,0.06973,0.06973,0.06973
87,2026-09-29 06:46:00+00:00,0.063953,0.072523,0.072523,0.071483,0.077224,0.072491,0.072388,0.073001,0.095139,0.032904,0.023003,0.055799,0.072523,0.072523,0.072523
88,2026-09-29 07:17:00+00:00,0.067295,0.072921,0.072921,0.072241,0.075997,0.0729,0.072832,0.073233,0.088165,0.01754,0.033386,0.061809,0.072921,0.072921,0.072921
89,2026-09-29 07:33:00+00:00,0.064353,0.067757,0.067757,0.067346,0.069616,0.067744,0.067703,0.067945,0.077089,0.022799,0.041192,0.115428,0.067757,0.067757,0.067757
90,2026-09-29 07:50:00+00:00,0.062148,0.064247,0.064247,0.109498,0.065393,0.06424,0.064215,0.064364,0.070032,0.030966,0.047027,0.10088,0.064247,0.064247,0.064247
91,2026-09-29 08:10:00+00:00,0.063183,0.064555,0.064555,0.10143,0.065303,0.06455,0.064533,0.064631,0.068342,0.040642,0.053052,0.091557,0.064555,0.064555,0.064555
92,2026-09-29 08:22:00+00:00,0.067435,0.068379,0.068379,0.09705,0.068895,0.068376,0.068364,0.068431,0.019921,0.051164,0.060382,0.088086,0.068379,0.068379,0.068379
93,2026-09-29 08:50:00+00:00,0.070146,0.070782,0.070782,0.091236,0.071128,0.070779,0.070772,0.070817,0.029908,0.021535,0.065379,0.084392,0.070782,0.070782,0.070782
94,2026-09-29 08:50:00+00:00,0.066596,0.066987,0.066987,0.079904,0.0672,0.066985,0.066981,0.110272,0.038496,0.029519,0.063657,0.075455,0.066987,0.066987,0.066987
95,2026-09-29 09:25:00+00:00,0.069831,0.070097,0.070097,0.078984,0.070242,0.020665,0.070093,0.104978,0.04951,0.041499,0.06783,0.075884,0.070097,0.070097,0.070097
96,2026-09-29 09:30:00+00:00,0.065877,0.06604,0.06604,0.071509,0.066129,0.028233,0.113849,0.089336,0.053086,0.047535,0.064652,0.069592,0.06604,0.06604,0.06604
97,2026-09-29 09:54:00+00:00,0.067346,0.067454,0.067454,0.071093,0.067513,0.015306,0.107955,0.083554,0.058751,0.054862,0.066533,0.069814,0.067454,0.067454,0.067454
98,2026-09-29 10:10:00+00:00,0.111363,0.064605,0.064605,0.066872,0.064642,0.019779,0.093561,0.074807,0.05916,0.056682,0.064031,0.066075,0.064605,0.064605,0.064605
99,2026-09-29 10:31:00+00:00,0.104203,0.065122,0.065122,0.066608,0.065146,0.028865,0.08543,0.071857,0.061546,0.059907,0.064746,0.066085,0.065122,0.065122,0.065122
100,2026-09-29 10:54:00+00:00,0.099221,0.068527,0.068527,0.069544,0.068543,0.040736,0.082853,0.073149,0.020911,0.064953,0.06827,0.069186,0.068527,0.068527,0.068527
101,2026-09-29 10:59:00+00:00,0.09415,0.071782,0.071782,0.072474,0.021164,0.051802,0.081668,0.074933,0.03172,0.069346,0.071606,0.07223,0.071782,0.071782,0.071782
102,2026-09-29 11:30:00+00:00,0.087629,0.072488,0.072488,0.072942,0.030994,0.05905,0.079014,0.074557,0.017333,0.070888,0.072373,0.072782,0.072488,0.072488,0.072488
103,2026-09-29 11:32:00+00:00,0.081273,0.071441,0.071441,0.071732,0.041404,0.062742,0.075633,0.072767,0.023829,0.070417,0.071368,0.07163,0.071441,0.071441,0.071441
104,2026-09-29 12:06:00+00:00,0.080634,0.073979,0.073979,0.074175,0.052534,0.068097,0.076803,0.021148,0.035392,0.073289,0.073929,0.074106,0.073979,0.073979,0.073979
105,2026-09-29 12:11:00+00:00,0.076294,0.07207,0.07207,0.072194,0.058126,0.068338,0.073859,0.029875,0.045146,0.071633,0.072038,0.07215,0.07207,0.07207,0.07207
106,2026-09-29 12:37:00+00:00,0.076979,0.074151,0.074151,0.074234,0.064718,0.071653,0.022132,0.04203,0.055308,0.073859,0.07413,0.074204,0.074151,0.074151,0.074151
107,2026-09-29 12:55:00+00:00,0.07382,0.072033,0.072033,0.072085,0.066047,0.070455,0.031168,0.050432,0.059893,0.071848,0.07202,0.072067,0.072033,0.072033,0.072033
108,2026-09-29 13:09:00+00:00,0.07507,0.073879,0.073879,0.073914,0.06988,0.072827,0.04318,0.059063,0.065715,0.023186,0.07387,0.073901,0.073879,0.073879,0.073879
109,2026-09-29 13:35:00+00:00,0.072541,0.071788,0.071788,0.071811,0.069261,0.071124,0.051253,0.062314,0.066613,0.032555,0.071783,0.071803,0.071788,0.071788,0.071788
110,2026-09-29 13:41:00+00:00,0.070613,0.070135,0.070135,0.070149,0.068529,0.069713,0.056754,0.064087,0.066844,0.042359,0.070132,0.070144,0.070135,0.070135,0.070135
111,2026-09-29 14:12:00+00:00,0.069258,0.068953,0.068953,0.068962,0.067927,0.068683,0.060306,0.065079,0.066848,0.050262,0.068951,0.068959,0.068953,0.068953,0.068953
112,2026-09-29 14:13:00+00:00,0.036841,0.070461,0.070461,0.070467,0.06978,0.070282,0.064691,0.067886,0.069063,0.057758,0.07046,0.070465,0.070461,0.070461,0.070461
113,2026-09-29 14:43:00+00:00,0.043999,0.066213,0.066213,0.066217,0.065797,0.066104,0.062681,0.06464,0.108691,0.058376,0.066213,0.066216,0.066213,0.066213,0.066213
114,2026-09-29 14:52:00+00:00,0.048717,0.062949,0.062949,0.062952,0.062692,0.062882,0.108109,0.061977,0.09394,0.058086,0.062949,0.062951,0.062949,0.062949,0.062949
115,2026-09-29 15:17:00+00:00,0.051775,0.060861,0.060861,0.103781,0.0607,0.060819,0.096791,0.06025,0.082055,0.057799,0.060861,0.060862,0.060861,0.060861,0.060861
116,2026-09-29 15:33:00+00:00,0.057811,0.064071,0.064071,0.10075,0.06396,0.064042,0.060166,0.063652,0.07915,0.061974,0.06407,0.064071,0.064071,0.064071,0.064071
117,2026-09-29 15:49:00+00:00,0.063435,0.06775,0.06775,0.096239,0.067674,0.06773,0.065063,0.067463,0.078294,0.066308,0.021292,0.067751,0.06775,0.06775,0.06775
118,2026-09-29 16:19:00+00:00,0.062497,0.0652,0.0652,0.084103,0.065152,0.065187,0.063518,0.06502,0.109419,0.064298,0.029605,0.0652,0.0652,0.0652,0.0652
