step,timestamp,Index NAV,Benchmark NAV,Excess Return (bps),Turnover
0,2026-09-28 03:32:00+00:00,1000.0,1000.0,0.0,
1,2026-09-28 03:32:00+00:00,1000.0144,1000.0367,-0.22,0.044709
2,2026-09-28 03:34:00+00:00,1000.3227,1000.2846,0.38,0.049519
3,2026-09-28 04:07:00+00:00,1000.4788,1000.3442,1.35,0.05065
4,2026-09-28 04:12:00+00:00,1000.8946,1000.6244,2.7,0.056895
5,2026-09-28 04:35:00+00:00,1001.3213,1000.8867,4.35,0.016208
6,2026-09-28 04:52:00+00:00,1001.8433,1001.2956,5.48,0.037079
7,2026-09-28 05:09:00+00:00,1002.1411,1001.4731,6.68,0.049453
8,2026-09-28 05:33:00+00:00,1002.3078,1001.4895,8.18,0.052511
9,2026-09-28 05:39:00+00:00,1002.68,1001.7066,9.73,0.056073
10,2026-09-28 06:10:00+00:00,1002.8652,1001.7588,11.06,0.052069
11,2026-09-28 06:14:00+00:00,1003.0743,1001.7502,13.24,0.022076
12,2026-09-28 06:47:00+00:00,1003.4174,1001.9315,14.86,0.04673
13,2026-09-28 07:18:00+00:00,1003.8983,1002.2634,16.35,0.048792
14,2026-09-28 07:30:00+00:00,1004.1659,1002.3864,17.8,0.048378
15,2026-09-28 07:51:00+00:00,1004.4663,1002.5256,19.41,0.020668
16,2026-09-28 08:11:00+00:00,1004.9075,1002.8382,20.69,0.036415
17,2026-09-28 08:23:00+00:00,1005.4852,1003.2167,22.68,0.013075
18,2026-09-28 08:53:00+00:00,1006.0927,1003.6282,24.65,0.008613
19,2026-09-28 08:54:00+00:00,1006.4567,1003.8442,26.12,0.044394
20,2026-09-28 09:25:00+00:00,1006.7076,1003.904,28.04,0.046683
21,2026-09-28 09:35:00+00:00,1006.9597,1003.8855,30.74,0.021674
22,2026-09-28 09:58:00+00:00,1007.3584,1004.0947,32.64,0.056889
23,2026-09-28 10:11:00+00:00,1007.9192,1004.4835,34.36,0.057278
24,2026-09-28 10:31:00+00:00,1008.4275,1004.82,36.07,0.021384
25,2026-09-28 10:50:00+00:00,1008.6353,1004.9502,36.85,0.050166
26,2026-09-28 10:58:00+00:00,1009.0371,1005.2451,37.92,0.0509
27,2026-09-28 11:31:00+00:00,1009.42,1005.5111,39.09,0.01993
28,2026-09-28 11:34:00+00:00,1009.6186,1005.6583,39.6,0.03607
29,2026-09-28 12:05:00+00:00,1009.6642,1005.6534,40.11,0.046832
30,2026-09-28 12:12:00+00:00,1009.9686,1005.8958,40.73,0.065645
31,2026-09-28 12:38:00+00:00,1010.4533,1006.3135,41.4,0.062096
32,2026-09-28 12:52:00+00:00,1010.7337,1006.4899,42.44,0.052035
33,2026-09-28 13:10:00+00:00,1011.2368,1006.7869,44.5,0.026608
34,2026-09-28 13:34:00+00:00,1011.6689,1007.0635,46.05,0.014593
35,2026-09-28 13:40:00+00:00,1012.077,1007.4788,45.98,0.055873
36,2026-09-28 14:15:00+00:00,1012.2908,1007.6497,46.41,0.049404
37,2026-09-28 14:46:00+00:00,1012.3743,1007.6533,47.21,0.054026
38,2026-09-28 14:51:00+00:00,1012.3434,1007.5246,48.19,0.055172
39,2026-09-28 15:19:00+00:00,1012.3915,1007.3529,50.39,0.024354
40,2026-09-28 15:34:00+00:00,1012.6845,1007.4647,52.2,0.06111
41,2026-09-28 15:47:00+00:00,1013.0373,1007.6106,54.27,0.022207
42,2026-09-28 16:13:00+00:00,1013.1553,1007.6188,55.37,0.045593
43,2026-09-28 16:22:00+00:00,1013.2081,1007.5226,56.85,0.04243
44,2026-09-28 16:54:00+00:00,1013.5344,1007.6953,58.39,0.062136
45,2026-09-28 16:54:00+00:00,1013.8146,1007.7393,60.75,0.031271
46,2026-09-28 17:26:00+00:00,1013.8864,1007.642,62.44,0.055082
47,2026-09-28 17:31:00+00:00,1013.698,1007.4162,62.82,0.079119
48,2026-09-28 17:56:00+00:00,1013.8863,1007.4764,64.1,0.065623
49,2026-09-28 18:13:00+00:00,1013.9451,1007.4233,65.22,0.055082
50,2026-09-28 18:28:00+00:00,1013.9879,1007.3023,66.86,0.039545
51,2026-09-28 18:51:00+00:00,1014.1129,1007.2771,68.36,0.025631
52,2026-09-28 19:03:00+00:00,1014.235,1007.3255,69.1,0.02189
53,2026-09-28 19:33:00+00:00,1014.1827,1007.2625,69.2,0.047299
54,2026-09-28 19:35:00+00:00,1014.4686,1007.465,70.04,0.055198
55,2026-09-28 20:06:00+00:00,1014.8253,1007.6776,71.48,0.016834
56,2026-09-28 20:11:00+00:00,1015.2791,1008.0731,72.06,0.048989
57,2026-09-28 20:35:00+00:00,1015.8672,1008.5642,73.03,0.041878
58,2026-09-28 20:52:00+00:00,1016.035,1008.76,72.75,0.068997
59,2026-09-28 21:08:00+00:00,1016.4545,1009.1304,73.24,0.049073
60,2026-09-28 21:31:00+00:00,1016.6566,1009.2666,73.9,0.056037
61,2026-09-28 21:39:00+00:00,1016.9503,1009.4191,75.31,0.016036
62,2026-09-28 22:14:00+00:00,1017.3668,1009.7142,76.53,0.027489
63,2026-09-28 22:46:00+00:00,1017.9075,1010.1644,77.43,0.048475
64,2026-09-28 22:51:00+00:00,1018.2265,1010.3634,78.63,0.050275
65,2026-09-28 23:16:00+00:00,1018.5537,1010.4537,81.0,0.019808
66,2026-09-28 23:35:00+00:00,1019.042,1010.7017,83.4,0.025512
67,2026-09-28 23:50:00+00:00,1019.3052,1010.7624,85.43,0.04708
68,2026-09-29 00:21:00+00:00,1019.7898,1011.0367,87.53,0.058416
69,2026-09-29 00:51:00+00:00,1020.0631,1011.1288,89.34,0.053093
70,2026-09-29 00:51:00+00:00,1020.1768,1011.0875,90.89,0.057253
71,2026-09-29 01:25:00+00:00,1020.5395,1011.294,92.45,0.063664
72,2026-09-29 01:35:00+00:00,1020.7596,1011.3401,94.19,0.048184
73,2026-09-29 01:58:00+00:00,1020.7889,1011.2442,95.45,0.062291
74,2026-09-29 02:15:00+00:00,1021.1178,1011.4269,96.91,0.067429
75,2026-09-29 02:26:00+00:00,1021.2129,1011.4297,97.83,0.066844
76,2026-09-29 02:54:00+00:00,1021.6227,1011.6776,99.45,0.057895
77,2026-09-29 03:02:00+00:00,1022.0977,1012.0851,100.13,0.063053
78,2026-09-29 03:30:00+00:00,1022.3059,1012.2688,100.37,0.058276
79,2026-09-29 04:06:00+00:00,1022.5785,1012.4576,101.21,0.01628
80,2026-09-29 04:15:00+00:00,1022.613,1012.4764,101.37,0.050333
81,2026-09-29 04:37:00+00:00,1022.9163,1012.6992,102.17,0.053168
82,2026-09-29 04:53:00+00:00,1023.065,1012.7519,103.13,0.049801
83,2026-09-29 05:06:00+00:00,1023.2034,1012.7081,104.95,0.030399
84,2026-09-29 05:33:00+00:00,1023.5631,1012.9148,106.48,0.058828
85,2026-09-29 05:42:00+00:00,1023.9589,1013.127,108.32,0.018914
86,2026-09-29 06:10:00+00:00,1024.0806,1013.1731,109.08,0.050552
87,2026-09-29 06:46:00+00:00,1024.0978,1013.0992,109.99,0.053729
88,2026-09-29 07:17:00+00:00,1024.1738,1012.9819,111.92,0.023567
89,2026-09-29 07:33:00+00:00,1024.4564,1013.1449,113.11,0.066685
90,2026-09-29 07:50:00+00:00,1024.9749,1013.4991,114.76,0.056155
91,2026-09-29 08:10:00+00:00,1025.4572,1013.8125,116.45,0.019171
92,2026-09-29 08:22:00+00:00,1025.6096,1013.9078,117.02,0.056273
93,2026-09-29 08:50:00+00:00,1025.7419,1013.8917,118.5,0.039139
94,2026-09-29 08:50:00+00:00,1026.0721,1014.0879,119.84,0.056028
95,2026-09-29 09:25:00+00:00,1026.2172,1014.1141,121.03,0.052535
96,2026-09-29 09:30:00+00:00,1026.6228,1014.376,122.47,0.060938
97,2026-09-29 09:54:00+00:00,1026.9843,1014.493,124.91,0.025018
98,2026-09-29 10:10:00+00:00,1027.4773,1014.8026,126.75,0.050719
99,2026-09-29 10:31:00+00:00,1027.9556,1015.0799,128.76,0.018508
100,2026-09-29 10:54:00+00:00,1028.1473,1015.1698,129.77,0.048193
101,2026-09-29 10:59:00+00:00,1028.2017,1015.1148,130.87,0.053636
102,2026-09-29 11:30:00+00:00,1028.3081,1015.0085,133.0,0.023938
103,2026-09-29 11:32:00+00:00,1028.4513,1014.9851,134.66,0.020599
104,2026-09-29 12:06:00+00:00,1028.3702,1014.8503,135.2,0.052259
105,2026-09-29 12:11:00+00:00,1028.4608,1014.8186,136.42,0.024314
106,2026-09-29 12:37:00+00:00,1028.3522,1014.6882,136.64,0.051726
107,2026-09-29 12:55:00+00:00,1028.4255,1014.6621,137.63,0.023353
108,2026-09-29 13:09:00+00:00,1028.3274,1014.5467,137.81,0.048662
109,2026-09-29 13:35:00+00:00,1028.4017,1014.5321,138.7,0.021592
110,2026-09-29 13:41:00+00:00,1028.5024,1014.5904,139.12,0.017309
111,2026-09-29 14:12:00+00:00,1028.6286,1014.6983,139.3,0.012451
112,2026-09-29 14:13:00+00:00,1028.6605,1014.74,139.2,0.032416
113,2026-09-29 14:43:00+00:00,1028.9246,1014.9866,139.38,0.047404
114,2026-09-29 14:52:00+00:00,1029.4008,1015.4114,139.89,0.050145
115,2026-09-29 15:17:00+00:00,1030.0324,1015.9482,140.84,0.043888
116,2026-09-29 15:33:00+00:00,1030.4318,1016.2839,141.48,0.042563
117,2026-09-29 15:49:00+00:00,1030.595,1016.4112,141.84,0.048144
118,2026-09-29 16:19:00+00:00,1031.0033,1016.7003,143.03,0.039438
